Crown Zenith,CRZ,1/20/2023
Silver Tempest,SIT,11/11/2022
Lost Origin,LOR,9/9/2022
Trick or Trade Booster Bundle,,9/1/2022
McDonald’s Collection 2022,MCD22,8/3/2022
Pokémon GO,PGO,7/1/2022
Astral Radiance,ASR,5/27/2022
Brilliant Stars,BRS,2/25/2022
Fusion Strike,FST,11/12/2021
Celebrations,CEL,10/8/2021
Evolving Skies,EVS,8/27/2021
Chilling Reign,CRE,6/18/2021
Battle Styles,BST,3/19/2021
Shining Fates,SHF,2/19/2021
McDonald’s Collection 2021,MCD21,2/9/2021
Vivid Voltage,VIV,11/13/2020
Champion’s Path,CPA,9/25/2020
Pokémon Futsal,FUT,9/11/2020
Darkness Ablaze,DAA,8/14/2020
Rebel Clash,RCL,5/1/2020
Sword & Shield,SSH,2/7/2020
Sword & Shield Black Star Promos,SSP,11/1/2019
Cosmic Eclipse,CEC,11/1/2019
McDonald’s Collection 2019,MCD19,10/15/2019
Hidden Fates,HIF,8/23/2019
Unified Minds,UNM,8/2/2019
Detective Pikachu,DET,3/29/2019
Unbroken Bonds,UNB,5/3/2019
Team Up,TEU,2/1/2019
Lost Thunder,LOT,11/2/2018
McDonald’s Collection 2018,MCD18,10/16/2018
Dragon Majesty,DRM,9/7/2018
Celestial Storm,CES,8/3/2018
Forbidden Light,FLI,5/4/2018
Ultra Prism,UPR,2/2/2018
McDonald’s Collection 2017,MCD17,11/7/2017
Crimson Invasion,CIN,11/3/2017
Shining Legends,SLF,10/6/2017
Burning Shadows,BUS,8/4/2017
Guardians Rising,GRI,5/5/2017
Sun & Moon,SUM,2/3/2017
Sun & Moon Black Star Promos,SMP,11/1/2016
Evolutions,EVO,11/2/2016
McDonald’s Collection 2016,MCD16,8/19/2016
Steam Siege,STS,8/3/2016
Fates Collide,FCO,5/2/2016
Generations,GEN,2/22/2016
BREAKpoint,BKP,2/2/2016
McDonald’s Collection 2015,MCD15,11/27/2015
BREAKthrough,BKT,11/4/2015
Ancient Origins,AOR,8/12/2015
Roaring Skies,ROS,5/6/2015
Double Crisis,DCR,3/25/2015
Primal Clash,PRC,2/4/2015
Phantom Forces,PHF,11/5/2014
Furious Fists,FFI,8/13/2014
McDonald’s Collection 2014,MCD14,5/23/2014
Flashfire,FLF,5/7/2014
XY,XY,2/5/2014
Kalos Starter Set,KSS,11/8/2013
XY Black Star Promos,XYP,10/1/2013
Legendary Treasures,LTR,11/6/2013
McDonald’s Collection 2013,MCD13,10/13/2013
Plasma Blast,PLB,8/14/2013
Plasma Freeze,PLF,5/8/2013
Plasma Storm,PLS,2/6/2013
Boundaries Crossed,BCR,11/7/2012
Dragon Vault,DRV,10/5/2012
Dragons Exalted,DRX,8/15/2012
McDonald’s Collection 2012,MCD12,6/15/2012
Dark Explorers,DEX,5/9/2012
Next Destinies,NXD,2/8/2012
Noble Victories,NVI,11/16/2011
Emerging Powers,EPO,8/31/2011
Black & White,BLW,4/25/2011
Black & White Black Star Promos,BWP,3/1/2011
McDonald’s Collection 2011,MCD11,6/17/2011
Triumphant,TM,11/3/2010
Undaunted,UD,8/18/2010
Unleashed,UL,5/12/2010
HeartGold & SoulSilver,HS,2/10/2010
HeartGold & SoulSilver Black Star Promos,HSP,2/1/2010
Pokémon Rumble,RM,12/2/2009
Arceus,AR,11/4/2009
Supreme Victors,SV,8/19/2009
Rising Rivals,RR,5/16/2009
POP Series 9,P9,3/1/2009
Platinum,PL,2/11/2009
Stormfront,SF,11/5/2008
POP Series 8,P8,9/1/2008
Legends Awakened,LA,8/20/2008
Majestic Dawn,MD,5/21/2008
POP Series 7,P7,3/1/2008
Great Encounters,GE,2/13/2008
Secret Wonders,SW,11/7/2007
POP Series 6,P6,9/1/2007
Mysterious Treasures,MT,8/22/2007
Diamond & Pearl,DP,5/23/2007
Diamond & Pearl Black Star Promos,DPP,5/1/2007
POP Series 5,P5,3/1/2007
Nintendo Black Star Promos,NP,10/1/2003
EX Power Keepers,PK,2/14/2007
EX Dragon Frontiers,DF,11/8/2006
EX Crystal Guardians,CG,8/30/2006
POP Series 4,P4,8/1/2006
EX Holon Phantoms,HP,5/3/2006
POP Series 3,P3,4/1/2006
EX Legend Maker,LM,2/13/2006
EX Delta Species,DS,10/31/2005
EX Unseen Forces,UF,8/22/2005
POP Series 2,P2,8/1/2005
EX Emerald,EM,5/9/2005
EX Deoxys,DX,2/14/2005
EX Team Rocket Returns,TRR,11/8/2004
POP Series 1,P1,9/1/2004
EX FireRed & LeafGreen,FL,8/30/2004
Poké Card Creator Pack,CC,7/1/2004
EX Hidden Legends,HL,6/14/2004
EX Team Magma vs Team Aqua,MA,3/15/2004
EX Dragon,DR,11/24/2003
EX Sandstorm,SS,9/18/2003
EX Ruby & Sapphire,RS,6/18/2003
Skyridge,SK,5/12/2003
Aquapolis,AQ,1/15/2003
Best of Game,,10/1/2002
Expedition Base Set,EX,9/15/2002
Legendary Collection,LC,5/24/2002
Neo Destiny,N4,2/28/2002
Neo Revelation,N3,9/21/2001
Neo Discovery,N2,6/1/2001
Southern Islands,SI,7/31/2001
Neo Genesis,N1,12/16/2000
Gym Challenge,G2,10/16/2000
Gym Heroes,G1,8/14/2000
Team Rocket,TR,4/24/2000
Base Set 2,B2,2/24/2000
Fossil,FO,10/10/1999
Jungle,JU,6/16/1999
Wizards Black Star Promos,WP,7/1/1999
Base Set,BS,1/9/1999